,Car_ID,Entry,Exit
1,1,2020-01-05 19:10:05.100457,2020-01-05 21:14:04.789693
2,2,2020-01-06 11:39:39.557929,2020-01-08 17:29:44.004984
3,3,2020-01-08 15:05:53.973758,2020-01-08 23:32:45.011633
4,4,2020-01-09 04:47:29.148904,2020-01-09 05:04:37.913104
5,5,2020-01-17 08:33:00.077052,2020-01-19 16:20:59.840003
6,6,2020-01-19 22:10:42.514864,2020-01-20 02:38:22.990152
7,7,2020-01-26 04:45:12.809028,2020-01-27 15:05:59.263514
8,8,2020-02-09 08:09:43.327896,2020-02-09 17:05:01.304330
9,9,2020-02-12 17:05:21.271691,2020-02-12 22:11:20.773286
10,10,2020-02-15 01:10:54.490789,2020-02-15 06:52:53.944831
11,11,2020-02-29 17:36:29.459622,2020-03-03 14:42:40.806400
12,12,2020-03-04 13:22:11.652139,2020-03-04 22:16:17.104877
13,13,2020-03-11 04:25:20.703126,2020-03-11 08:56:56.002449
14,14,2020-03-12 06:58:36.938741,2020-03-12 03:35:13.670430
15,15,2020-03-16 06:26:28.242104,2020-03-16 18:59:19.606549
16,16,2020-03-19 04:39:12.189676,2020-03-20 17:56:53.891278
17,17,2020-03-22 14:22:28.986239,2020-03-22 18:38:13.452534
18,18,2020-03-27 18:18:00.374643,2020-03-29 11:02:47.761923
19,19,2020-03-28 15:14:14.895707,2020-03-31 05:43:27.951853
20,20,2020-04-01 15:01:13.211724,2020-04-03 20:17:53.923130
21,21,2020-04-10 05:23:27.285753,2020-04-13 23:52:48.067106
22,22,2020-04-15 00:22:07.354957,2020-04-15 04:42:19.129348
23,23,2020-04-21 17:41:07.728203,2020-04-21 11:19:02.395331
24,24,2020-04-22 16:10:01.294513,2020-04-25 12:18:05.481915
25,25,2020-04-23 11:02:56.311913,2020-04-25 21:21:06.022757
26,26,2020-04-25 23:29:01.065076,2020-04-26 00:05:17.451675
27,27,2020-04-27 07:20:03.086417,2020-04-27 16:29:23.246994
28,28,2020-05-03 06:51:46.358583,2020-05-03 22:47:32.483135
29,29,2020-05-05 02:50:12.557548,2020-05-07 22:44:31.145393
30,30,2020-05-09 05:32:59.388725,2020-05-09 19:25:13.768035
31,31,2020-05-09 22:31:30.167449,2020-05-10 04:50:44.163928
32,32,2020-05-11 10:41:07.639842,2020-05-13 23:32:26.941325
33,33,2020-05-18 15:14:40.769560,2020-05-22 01:46:01.483183
34,34,2020-05-18 21:47:54.757222,2020-05-19 09:39:23.353980
35,35,2020-05-20 13:35:07.576969,2020-05-22 02:24:51.092235
36,36,2020-05-20 23:20:10.450896,2020-05-24 12:31:08.371320
37,37,2020-05-25 20:34:38.858770,2020-05-26 23:12:14.336980
38,38,2020-05-30 22:18:15.851401,2020-05-30 23:58:00.438882
39,39,2020-06-05 17:04:16.688897,2020-06-05 16:36:00.946887
40,40,2020-06-06 09:04:38.749829,2020-06-07 23:03:46.543328
41,41,2020-06-11 11:25:08.371439,2020-06-11 14:11:48.794857
42,42,2020-06-13 16:07:03.278043,2020-06-15 07:45:38.406627
43,43,2020-06-20 04:14:43.895601,2020-06-20 13:16:04.668238
44,44,2020-06-23 09:12:39.749326,2020-06-25 06:21:22.173433
45,45,2020-06-26 04:42:09.780987,2020-06-28 05:04:29.690872
46,46,2020-07-01 07:44:17.641502,2020-07-02 09:34:13.951735
47,47,2020-07-10 16:15:52.469324,2020-07-12 04:42:55.355820
48,48,2020-07-11 00:04:01.752330,2020-07-10 22:14:11.792936
49,49,2020-07-15 21:30:32.541606,2020-07-19 06:50:55.968591
50,50,2020-07-16 01:00:06.526970,2020-07-18 09:21:25.040165
51,51,2020-07-19 07:09:41.234952,2020-07-21 09:58:35.994921
52,52,2020-07-19 18:34:57.627895,2020-07-20 16:24:12.053478
53,53,2020-07-20 16:53:07.391186,2020-07-22 00:11:40.462376
54,54,2020-07-20 19:30:39.747094,2020-07-22 17:36:57.503400
55,55,2020-07-21 10:17:05.350294,2020-07-22 04:56:07.834654
56,56,2020-07-29 05:46:33.510677,2020-07-31 04:38:08.785216
57,57,2020-07-29 23:55:46.954058,2020-07-31 10:59:49.788164
58,58,2020-08-06 14:26:34.211502,2020-08-09 19:39:40.608230
59,59,2020-08-08 16:40:03.362908,2020-08-08 22:32:44.844046
60,60,2020-08-09 02:25:40.390308,2020-08-11 00:29:08.420787
61,61,2020-08-11 16:20:58.301256,2020-08-11 19:21:00.157100
62,62,2020-08-11 22:08:11.899750,2020-08-12 00:56:53.689782
63,63,2020-08-23 16:04:00.114941,2020-08-23 22:38:49.383069
64,64,2020-08-23 16:44:55.478902,2020-08-25 20:50:33.238778
65,65,2020-08-23 18:49:27.254795,2020-08-24 21:03:11.669605
66,66,2020-08-26 19:42:20.121328,2020-08-29 06:25:04.216867
67,67,2020-08-30 12:04:52.376367,2020-09-01 15:04:06.697863
68,68,2020-09-01 07:53:35.189485,2020-09-04 01:46:34.418831
69,69,2020-09-01 21:04:45.954746,2020-09-02 00:21:20.384890
70,70,2020-09-01 23:29:23.327197,2020-09-04 03:36:27.599268
71,71,2020-09-04 20:59:21.627336,2020-09-04 21:14:13.512513
72,72,2020-09-06 22:02:48.844708,2020-09-09 19:18:59.493800
73,73,2020-09-07 20:56:08.849010,2020-09-07 17:11:22.208439
74,74,2020-09-10 20:49:25.608264,2020-09-10 16:22:15.469677
75,75,2020-09-13 12:43:05.907306,2020-09-13 20:46:20.378757
76,76,2020-09-22 13:14:26.626890,2020-09-23 16:31:33.286800
77,77,2020-09-22 20:08:16.541390,2020-09-25 02:35:28.495664
78,78,2020-09-25 19:00:20.082560,2020-09-27 16:20:05.295171
79,79,2020-09-30 08:49:43.650493,2020-09-30 13:34:54.898003
80,80,2020-10-14 12:36:18.019371,2020-10-14 08:04:31.227930
81,81,2020-10-16 16:47:48.375413,2020-10-19 00:56:04.432798
82,82,2020-10-28 05:25:55.178749,2020-10-30 17:03:26.960882
83,83,2020-10-28 08:35:11.408377,2020-10-28 18:31:39.948458
84,84,2020-11-01 01:51:41.771114,2020-11-01 15:42:33.331368
85,85,2020-11-08 03:14:21.181906,2020-11-11 01:04:47.798134
86,86,2020-11-10 19:44:59.853261,2020-11-10 15:44:58.689115
87,87,2020-11-11 02:08:18.092609,2020-11-12 22:58:06.824762
88,88,2020-11-12 05:47:55.456880,2020-11-15 10:39:10.725393
89,89,2020-11-17 20:53:47.990798,2020-11-18 04:07:45.021795
90,90,2020-11-18 07:12:42.748733,2020-11-19 23:29:47.768409
91,91,2020-11-20 11:32:36.529249,2020-11-20 11:08:03.493774
92,92,2020-11-25 00:47:13.599962,2020-11-25 05:56:33.398602
93,93,2020-11-27 01:09:23.008335,2020-11-27 00:15:48.207882
94,94,2020-11-30 17:54:32.091150,2020-11-30 22:12:48.731873
95,95,2020-12-05 20:32:12.701391,2020-12-08 17:39:11.934064
96,96,2020-12-07 11:40:01.944011,2020-12-07 21:05:17.192522
97,97,2020-12-09 18:37:58.821923,2020-12-10 03:24:14.887783
98,98,2020-12-12 10:09:41.342597,2020-12-12 13:08:51.154567
99,99,2020-12-12 20:20:17.919324,2020-12-13 03:54:05.435475
100,100,2020-12-14 02:57:26.870141,2020-12-14 01:03:31.401069
